id,first_name,last_name,email,password_digest,created_at,updated_at
1,Octavia,Boehm,yoshiko@cartwrightshanahan.io,$2a$10$/z7bWGxx.75yI/Tmn1.o4u4rAIRIyaOwmG0QKA6YwdSApg5Ubtz52,2016-05-19 15:29:35 UTC,2016-05-19 15:29:35 UTC
2,Leta,Nikolaus,roger_becker@toy.net,$2a$10$D8ISjadNfrapH99TzSDPKuOQnq5on8mmzKzpE3xHAicCS2idMrMga,2016-05-19 15:29:35 UTC,2016-05-19 15:29:35 UTC
3,Ivah,Shanahan,alanna.hahn@schiller.co,$2a$10$xgu5S0eo07mT5IpWKFNJ8eDYaPYLWN5z6ssPdTPrtyj3pKliemGYW,2016-05-19 15:29:35 UTC,2016-05-19 15:29:35 UTC
4,Jerald,Green,hanna@turnerconnelly.name,$2a$10$SsxE2RQsGf0GjEC5Z6ny1umtulAtBGhCGKBn6L.OTZB0x/3CnkIUC,2016-05-19 15:29:35 UTC,2016-05-19 15:29:35 UTC
5,Isabell,Bernier,brisa_hermann@fadel.name,$2a$10$61jodFGsL.1r/2ibBxRXoeqA5g84wSqoXdXRryEpO7w7uCni5L0n6,2016-05-19 15:29:35 UTC,2016-05-19 15:29:35 UTC
6,Dee,Moore,valentine_kerluke@collins.org,$2a$10$oGQUJUpl9Gt44VYAtQP.ke7/KHwB7HMaxrExzpeTl0V4fYSPiY6pe,2016-05-19 15:29:35 UTC,2016-05-19 15:29:35 UTC
7,Mallory,Konopelski,joey_leuschke@satterfield.biz,$2a$10$MzrmTSjVySeKmOCB8.Esw.nA3LAga0ljuZleyESsUao3P312eIBjG,2016-05-19 15:29:36 UTC,2016-05-19 15:29:36 UTC
8,Russ,Nienow,kiera@ferrydenesik.org,$2a$10$6PsSNSYa36auDBou65IGAOidhnYaIlA2jwUpjkRYcGHEhZF/n2wCC,2016-05-19 15:29:36 UTC,2016-05-19 15:29:36 UTC
9,Lindsay,Gusikowski,jerod@hayes.co,$2a$10$8Ld84j57eMxAzNhiF8EWm.WcmnhqJbTv3hsghxQNHZiXMJdEhbh.m,2016-05-19 15:29:36 UTC,2016-05-19 15:29:36 UTC
10,Dejon,Kshlerin,rosalee@kuhlman.info,$2a$10$y3fjRGtW77mss//fj3Nqa.tMts9seLjiyEBchSkTqZLR4x5OM3/P.,2016-05-19 15:29:36 UTC,2016-05-19 15:29:36 UTC
11,Willy,Heathcote,aric.hegmann@kihngibson.org,$2a$10$C4hB.ZNlJxJSsvLNt3K4VummdN8ifxt148F4JYj5AVaeBT.xdZngS,2016-05-19 15:29:36 UTC,2016-05-19 15:29:36 UTC
12,Leonora,Nader,dee@satterfield.io,$2a$10$GuMr88Ucj3mR654amKZAOeIdowRBkTaCY/xzqyO0MomA4XC7AErxS,2016-05-19 15:29:36 UTC,2016-05-19 15:29:36 UTC
13,Alanis,Kerluke,rosario.dicki@mayer.name,$2a$10$3EJbU7NgMETvqRthSeaRl.2KSSle4oOuVqOvDm9ccSmFAQNhuZC/m,2016-05-19 15:29:36 UTC,2016-05-19 15:29:36 UTC
14,Kaylee,Ernser,bennett.hamill@goyette.biz,$2a$10$k3xiuIYIsty1Bsg4kryS/uLxbQ8Klorlg5lbe.6GAONE7.BV7YF/W,2016-05-19 15:29:36 UTC,2016-05-19 15:29:36 UTC
15,Cielo,Kuphal,donnie@rathmacgyver.org,$2a$10$HgblLamsSQHppKssaNCt5uzfxZXZrjs4arbA2f16zQnn3GW2b9mr.,2016-05-19 15:29:36 UTC,2016-05-19 15:29:36 UTC
16,Oran,Davis,jammie_little@connellybergnaum.name,$2a$10$TOyP/KEgtBF6OuF71sLmae74w6VHA2hS1ZrBQzr4ZPVE1MaJHveLi,2016-05-19 15:29:36 UTC,2016-05-19 15:29:36 UTC
17,Guillermo,Blick,kenny@bernhard.io,$2a$10$qR1eI7XwcHh0FZrUeVg6TeYdl6JZeca5dLtwQ5PnSytOFr1c5jlO.,2016-05-19 15:29:36 UTC,2016-05-19 15:29:36 UTC
18,Reva,Glover,christop@okon.com,$2a$10$Qn6IJz9MMSSjoGQsRCPWFu1RvZVycdv5jNwwKMJbKeBymmE2Ybg6.,2016-05-19 15:29:36 UTC,2016-05-19 15:29:36 UTC
19,Laura,Lind,kayleigh@gorczany.co,$2a$10$kbulZftxNDk0iT6laB4sdecd3tm1YS3br/zqICnD5xDNIaacfqZ4u,2016-05-19 15:29:36 UTC,2016-05-19 15:29:36 UTC
20,Kaley,Schinner,carmella@treutel.io,$2a$10$TPU0gF8bKGnWyygSDRqrQ.sWmWVHMTsdlbl4R7TdboiN7fJz0VTFK,2016-05-19 15:29:36 UTC,2016-05-19 15:29:36 UTC
21,Carlee,Stokes,gabriel_bogan@corkery.co,$2a$10$Og9e26Vf3UxaQHnX2PxRJOyfiYROetuz0eZCoYHpkZf8i35C29vqy,2016-05-19 15:29:37 UTC,2016-05-19 15:29:37 UTC
22,Clovis,Mante,cornelius@mitchell.net,$2a$10$4Fi5dV/Z9cc7T2VKsp0DCOOssCaP6s8gSw9eoxJaQlKmHMGoIQZy.,2016-05-19 15:29:37 UTC,2016-05-19 15:29:37 UTC
23,Breana,Berge,leopold@emmerichweber.biz,$2a$10$GQ5GwT4yx2kVxBuVUmwcyeyFRjEgmGuN/IO.YvYvnbbseEqSvcwwm,2016-05-19 15:29:37 UTC,2016-05-19 15:29:37 UTC
24,Janick,Mills,carlos.wisoky@labadie.org,$2a$10$1urbBvX83lJ501UTqiMIw.Lh2L5jyTLbl8dczqN/kzBvQNgc8xfWq,2016-05-19 15:29:37 UTC,2016-05-19 15:29:37 UTC
25,Alexandra,Klein,dena@keler.info,$2a$10$AUPw0daI7.iin6eG.P1Aeu5RPhHYoy30SNy/DGcZ4swaDHu11HPqm,2016-05-19 15:29:37 UTC,2016-05-19 15:29:37 UTC
26,Delmer,Dickinson,mitchell@cormier.biz,$2a$10$73KfDVbI8CT/JMqmf6qBVuNbXHhBSVNffIlmVfc.qYn/Ptol72dPK,2016-05-19 15:29:37 UTC,2016-05-19 15:29:37 UTC
27,Garland,Nienow,nathan_jones@herzog.co,$2a$10$6vvxRfnrtx2KNZAcYloUU.7rkrOSi4g.IhubmKHzQ1kjgwQOx/IcW,2016-05-19 15:29:37 UTC,2016-05-19 15:29:37 UTC
28,Hallie,Strosin,marian.orn@block.net,$2a$10$IiiV/BWe46N75RpV0hjMG.cFSPSzBZqwf1uMu8StFUxZ.4zl9PgWi,2016-05-19 15:29:37 UTC,2016-05-19 15:29:37 UTC
29,Melvin,Conroy,linda.effertz@witting.info,$2a$10$ROmk6Ugv2uFJ1vqwjxCeu.ucLZsNYWL89nWBaXRrAiFe.X4PWYGZO,2016-05-19 15:29:37 UTC,2016-05-19 15:29:37 UTC
30,Ofelia,Skiles,nathan@blick.org,$2a$10$rWSVrAm4qpnED6jdltHXbelJTlbEdBfTk7oHn6sn8ktKTZ/tJt/te,2016-05-19 15:29:37 UTC,2016-05-19 15:29:37 UTC
